id,country,source,pages,topic,summary,people_involved
1,Australia,/Users/lance-personal/Downloads/House of Representatives_2025_02_04.pdf,"15,16,17,18","Parliamentary Proceedings of February 4, 2025","The parliamentary proceedings on February 4, 2025, covered a wide range of topics, including resignations of members for Hinkler and Maribyrnong, the issuing of writs, and the presentation and discussion of numerous bills.  The bills spanned diverse areas such as Aboriginal land rights, treasury laws, education, cybersecurity, aged care, migration, universities, anti-money laundering, and infrastructure.  Significant debate also occurred around topics including the economy, taxation, defense, veterans' affairs, Australia Day, political donations, infrastructure projects, bushfires, the cost of living, and the Middle East.  The proceedings also included statements by members, condolences, presentations of ministries and shadow ministries, questions without notice, distinguished visitors, matters of public importance, and committee reports.  A range of bills progressed through various stages of parliamentary process, including first and second readings.","['Member for Hinkler', 'Member for Maribyrnong', 'Brassil, Mr James Thomas Carlin (Jim), AM', 'Asche, Hon. Keith John Austin, AC, KC', 'Hosking, Mr Matthew', 'Robinson, Mr Alan', 'Sercombe, Mr Robert Charles Grant (Bob)', 'Shanahan, Miss Elizabeth Ann', 'Perera, Mr Jude', 'Shattock, Mr Aaron']"
2,Australia,/Users/lance-personal/Downloads/House of Representatives_2025_02_04.pdf,"20,21,22,23",House of Representatives Debate on Antisemitism,"On February 4, 2025, the Australian House of Representatives held a debate on antisemitism.  The motion, moved by the Member for Wentworth, aimed to make a clear statement condemning antisemitism.  The government, led by Minister Burke, sought to limit the debate's duration and prevent amendments, a move opposed by the opposition, notably Mr. Sukkar.  Despite opposition objections, the government successfully passed motions to restrict the debate and prevent amendments, ultimately leading to a vote where the motion passed with a majority of 86 ayes to 53 noes.","['Member for Wentworth', 'Mr. Burke', 'Mr. Sukkar', 'Prime Minister', 'Hon.Milton Dick', 'Attorney-General']"
3,Australia,/Users/lance-personal/Downloads/House of Representatives_2025_02_04.pdf,"25,26,27,28",Antisemitic Attacks in Australia,"The Australian House of Representatives debated a motion condemning antisemitic attacks in the country.  Members shared personal experiences of antisemitic violence, including firebombings of synagogues and childcare centers, vandalism, and online harassment.  The debate highlighted the need for stronger laws and increased security measures to protect the Jewish community.  There was a consensus across party lines to condemn antisemitism, but differing opinions emerged on the government's response to the crisis, with the opposition criticizing the government's perceived inaction and half-measures.  The Prime Minister expressed his condemnation and outlined government efforts, including increased security, new laws, and funding for education initiatives.","['Mr Vasta', 'Mr Burns', 'Mr Leeser', 'Mr Albanese', 'Mr Dutton', 'Mr Thistlethwaite']"
4,Australia,/Users/lance-personal/Downloads/House of Representatives_2025_02_04.pdf,"30,31,32,33",Antisemitism in Australia,"The Australian House of Representatives held a debate on the rise of antisemitism in Australia, particularly following the October 2023 conflict in Israel and Gaza. Members from various parties expressed concerns over the increase in antisemitic attacks, including vandalism, threats, and firebombings targeting synagogues, schools, and community centers.  The debate highlighted the impact of these incidents on the mental health of Jewish Australians, particularly children. While acknowledging the need to address antisemitism, there were also disagreements about the government's response and the reasons behind the rise in antisemitic incidents.  Some speakers criticized the government's foreign policy decisions, its handling of the UN Relief and Works Agency for Palestine, and its response to antisemitic acts on university campuses. Others praised the government's efforts in combating antisemitism, highlighting measures such as Operation Avalite, legislation banning hate symbols, and the appointment of special envoys.  Overall, the debate underscored the need for stronger measures to combat hate crimes and foster social cohesion in Australia.","['Ms DANIEL', 'Dr FREELANDER', 'Mr WALLACE', 'Ms BURNEY', 'Mr KHALIL', 'Mr BANDT', 'Mr KEOGH', 'Benjamin Netanyahu', 'Fatima Payman', 'Peter Khalil', 'Jillian Segal']"
5,Australia,/Users/lance-personal/Downloads/House of Representatives_2025_02_04.pdf,"30,31,32,33",Government Response to Antisemitism,"Debate within the Australian House of Representatives regarding the government's response to rising antisemitism.  Criticism focused on perceived inaction or insufficient action on issues such as delayed visits to sites of atrocities in Israel, continued funding for UNRWA despite investigations into its involvement in the October 2023 attacks, a delayed response to antisemitism on university campuses, and a lack of sufficient leadership from top levels of security and policing services.  Conversely, the government's efforts were defended, pointing to initiatives such as Operation Avalite, bans on hate symbols, financial support for security improvements at Jewish institutions, and the appointment of special envoys to combat antisemitism and foster social cohesion.  The discussion underscored the divergent views on the government's effectiveness in addressing antisemitism and the complexities of balancing various political and humanitarian considerations.","['Ms DANIEL', 'Dr FREELANDER', 'Mr WALLACE', 'Ms BURNEY', 'Mr KHALIL', 'Mr BANDT', 'Mr KEOGH', 'Peter Khalil', 'Jillian Segal']"
6,Australia,/Users/lance-personal/Downloads/House of Representatives_2025_02_04.pdf,"35,36,37,38",Condolences to Jim's family,"The speaker expresses condolences to the family of Jim, a deceased individual who had actively supported the speaker's political campaigns.  The speaker appreciates the family allowing them to speak at the funeral.",['Jim']
7,Australia,/Users/lance-personal/Downloads/House of Representatives_2025_02_04.pdf,"35,36,37,38",Economic hardship under Labor government,"Mr. Buchholz criticizes the current Labor government, claiming that Australians are not better off as promised.  He cites high input costs for manufacturers, soaring electricity prices (contrary to pre-election promises), challenges for farmers, and a high number of insolvencies (27,000) since the government took office. He advocates for a Dutton-led government.","['Mr BUCHHOLZ', 'Dutton']"
8,Australia,/Users/lance-personal/Downloads/House of Representatives_2025_02_04.pdf,"35,36,37,38",Commemorating Austin Asche and Corporal Matt Hosking,"Mr. Gosling commemorates the lives of Hon. Austin Asche, a former Chief Justice, chancellor, and administrator; and Corporal Matt Hosking, a soldier who died in a car accident.  He highlights their service and expresses condolences to their families.","['Hon. Austin Asche', 'Corporal Matt Hosking', 'Mr GOSLING', 'Von', 'Sam', 'Tim']"
9,Australia,/Users/lance-personal/Downloads/House of Representatives_2025_02_04.pdf,"35,36,37,38",Access to healthcare for veterans,"Dr. Scamps raises concerns about insufficient DVA reimbursement rates for physiotherapy services for veterans, impacting access to essential care.  She urges the government to increase rates to align with NDIS rates, citing the Royal Commission into Defence and Veteran Suicide.",['Dr SCAMPS']
10,Australia,/Users/lance-personal/Downloads/House of Representatives_2025_02_04.pdf,"35,36,37,38",Australia Day celebrations,"Ms. Fernando reflects on the recent Australia Day celebrations, emphasizing the nation's history, people, and values.  She highlights a community event and quotes Julia Gillard on the values that unite Australians.","['Ms FERNANDO', 'Julia Gillard']"
11,Australia,/Users/lance-personal/Downloads/House of Representatives_2025_02_04.pdf,"35,36,37,38",Concerns about donations to political parties,"Ms. Watson-Brown warns against the influence of billionaires in politics, citing examples of Gina Rinehart's support for the Coalition and the Leader of the Opposition's perceived alignment with Donald Trump's policies. She argues this leads to policies favoring billionaires and corporations at the expense of social programs.","['Ms WATSON-BROWN', 'Gina Rinehart', 'Donald Trump', 'Leader of the Opposition']"
12,Australia,/Users/lance-personal/Downloads/House of Representatives_2025_02_04.pdf,"35,36,37,38",Alan Robinson's retirement from the RFS,"Mr. Repacholi celebrates the retirement of Deputy Captain Alan Robinson after 58 years of volunteer service with the RFS, highlighting his contributions and achievements.","['Mr REPACHOLI', 'Alan Robinson']"
13,Australia,/Users/lance-personal/Downloads/House of Representatives_2025_02_04.pdf,"35,36,37,38",Infrastructure projects in the Fisher electorate,"Mr. Wallace discusses infrastructure priorities in his electorate, highlighting road and rail upgrades, walkway and cycleway expansions, and major projects like the Bruce Highway. He criticizes Labor's cuts to some projects.",['Mr WALLACE']
14,Australia,/Users/lance-personal/Downloads/House of Representatives_2025_02_04.pdf,"35,36,37,38",St John Ambulance Service Medal recipients,Dr. Reid congratulates Kenneth Schneider and Kerry Rowleson for receiving the St John Ambulance Service Medal for their dedicated service to the organisation.,"['Dr REID', 'Kenneth Schneider', 'Kerry Rowleson']"
15,Australia,/Users/lance-personal/Downloads/House of Representatives_2025_02_04.pdf,"35,36,37,38",Government's policy on Palestinian state recognition,"Mr. Coleman criticizes the government's shift in policy on recognizing a Palestinian state, alleging it's a politically motivated move to gain votes rather than based on principle.","['Mr COLEMAN', 'Minister Wong', 'Albanese government']"
16,Australia,/Users/lance-personal/Downloads/House of Representatives_2025_02_04.pdf,"35,36,37,38",Critique of the Opposition's uncosted policies,"Ms. Swanson criticizes the Opposition's uncosted policies, highlighting the potential cost ($10 billion) and arguing it's irresponsible and benefits only the Leader of the Opposition. She suggests this contrasts with their opposition to cost-of-living relief measures.","['Ms SWANSON', 'Leader of the Opposition']"
17,Australia,/Users/lance-personal/Downloads/House of Representatives_2025_02_04.pdf,"35,36,37,38",Bushfires in Victoria's Mallee electorate,"Dr. Webster discusses ongoing bushfires in his electorate, highlighting the damage and economic impact, particularly in Halls Gap.  He mentions the visit of the Leader of the Opposition to support affected businesses.","['Dr WEBSTER', 'Leader of the Opposition', 'Perin Davey', 'Dan Tehan', 'Prime Minister', 'Premier of Victoria']"
18,Australia,/Users/lance-personal/Downloads/House of Representatives_2025_02_04.pdf,"35,36,37,38",Cost of living measures and government support,"Mr. Burnell contrasts the Labor government's cost-of-living measures with the Opposition's lack of support for such initiatives, highlighting the positive impacts of Labor's policies and the opposition's alternative.","['Mr BURNELL', 'Leader of the Opposition']"
19,Australia,/Users/lance-personal/Downloads/House of Representatives_2025_02_04.pdf,"35,36,37,38",Promoting arts events,"Mr. Fletcher promotes the Handa Opera at Millthorpe and the Craven Creek Music Festival, emphasizing their independent nature and high quality.","['Mr FLETCHER', 'Lyndon Terracini', 'Haruhisa Handa', 'Greg Lindsay']"
20,Australia,/Users/lance-personal/Downloads/House of Representatives_2025_02_04.pdf,"35,36,37,38",Critique of Opposition's economic policies,"Dr. Mulino criticizes the Opposition's 'free lunch' policy, arguing it's misleading and places the burden on workers.  He contrasts this with the government's responsible economic management and targeted cost-of-living measures.","['Dr MULINO', 'Peter Dutton', 'Angus']"
21,Australia,/Users/lance-personal/Downloads/House of Representatives_2025_02_04.pdf,"35,36,37,38",Dispute over South Coast Marine Park fishing bans,"Mr. Rick Wilson addresses a claim by WA Premier Roger Cook that he lied about fishing bans in the South Coast Marine Park, presenting his perspective and citing the environment minister's response.","['Mr RICKWILSON', 'Roger Cook', 'Reece Whitby']"
22,Australia,/Users/lance-personal/Downloads/House of Representatives_2025_02_04.pdf,"40,41,42,43",North Queensland Floods and Other Natural Disasters Across Australia,"The House of Representatives discusses the devastating floods in North Queensland, acknowledging the severity of the situation and the absence of affected members.  The Prime Minister, Anthony Albanese, expresses condolences for a life lost in the floods and highlights the strain of multiple simultaneous natural disasters (floods in the north and heatwaves in the south). He details the government's response, including deploying military helicopters and providing emergency payments. The Opposition Leader, Peter Dutton, echoes support for those affected, expressing devastation at the loss of life and praising the emergency service workers.  The discussion also touches on bushfires in other states and the bipartisan support for disaster relief efforts.  The focus is on the immediate situation, the ongoing assistance, and a commitment to rebuilding better.","['Anthony Albanese', 'Peter Dutton', 'Bob Katter', 'Jenny McAllister', 'Crisafulli', 'Andrew Willcox', 'Allan']"
23,Australia,/Users/lance-personal/Downloads/House of Representatives_2025_02_04.pdf,"45,46,47,48",Taxation and Government Spending,"The session began with Mr. Taylor questioning the Treasurer about the cost to the budget of large businesses claiming in-house corporate lunches as tax deductions.  The Treasurer, Dr. Chalmers, responded by highlighting the opposition's proposal to alter tax arrangements which would result in significant costs to the budget and workers subsidizing lunches for their bosses. This sparked considerable debate regarding the relevance of the Treasurer's response and the accuracy of the costing, with interjections and points of order from various members.  The Treasurer defended his position by indicating that the opposition has been unable to provide its own costings for proposed policies. A second question regarding cost of living challenges and future investments was addressed by the Prime Minister, highlighting government initiatives and contrasting them to the opposition's unspecified ""economic surgery"" plans and a focus on tax cuts favoring high income earners.  A third exchange involved the Prime Minister responding to criticism regarding the tax burdens on big corporations versus individuals, the Prime Minister highlighted government actions to redistribute tax cuts from the top end to middle and lower income Australians.  A final question discussed the government's plans to reduce student debt, contrasting their approach with the opposition's stance.  The Treasurer and Minister for Education emphasized the opposition's support for policies that allow large businesses to claim corporate lunch expenses as tax deductions, thereby implying that this cost would fall upon the workers and taxpayers.  The overall tone of the session was highly partisan, with frequent interjections and points of order.","['Mr. Taylor', 'Treasurer Dr. Chalmers', 'Mr. Burke', 'Mr. Dutton', 'Ms. Kearney', 'Mr. Sukkar', 'Prime Minister Albanese', 'Ms. Chesters', 'Mr. Bandt', 'Mr. Rae', 'Minister Clare', 'Mr. Husic', 'Mr. Burnell']"
24,Australia,/Users/lance-personal/Downloads/House of Representatives_2025_02_04.pdf,"45,46,47,48",Healthcare in Australia,"Concerns were raised about the affordability of basic healthcare services, particularly dental care, highlighting the disparity between the tax burdens on ordinary citizens and multinational corporations. The Prime Minister emphasized the government's efforts in expanding healthcare access through initiatives such as increasing bulk-billing incentives and establishing urgent care clinics.  This was contrasted with what the Prime Minister characterized as the opposition's previous attempts to introduce taxes on GP visits and hospital care, along with substantial cuts to the healthcare system. The debate underscored the political divide regarding the role of government in ensuring universal healthcare access.","['Mr. Bandt', 'Prime Minister Albanese']"
25,Australia,/Users/lance-personal/Downloads/House of Representatives_2025_02_04.pdf,"50,51,52,53",Cost of Living,"The Deputy Leader of the Opposition questioned the Prime Minister about the percentage increase in food costs since the Labor government's election. The Prime Minister responded by discussing overall inflation figures and the government's actions to address cost of living, including a mandated code of conduct for supermarkets.  The Speaker intervened several times to keep the Prime Minister's response relevant to the question.","['Ms Ley', 'Mr Albanese', 'The SPEAKER', 'Ms Plibersek', 'Mr Dutton', 'Mr Burke']"
26,Australia,/Users/lance-personal/Downloads/House of Representatives_2025_02_04.pdf,"50,51,52,53",Employment: Remuneration,"The Minister for the Arts, Home Affairs, Cybersecurity, Immigration, and Multicultural Affairs, and Leader of the House responded to a question about the impact of wage increases on cost of living.  The minister highlighted real wage growth,  minimum wage increases, and the government's actions to support fair pay, contrasting them with the opposition's stance and potential cuts.","['Mrs Phillips', 'Mr Burke', 'Leader of the Opposition']"
27,Australia,/Users/lance-personal/Downloads/House of Representatives_2025_02_04.pdf,"50,51,52,53",Cost of Living,"The Prime Minister responded to a question about the collapse in Australian living standards, attributing the improvements to government policies like tax cuts, cheaper medicines, and Medicare urgent care clinics, while criticizing the opposition's stance on these issues.","['Mr Taylor', 'Mr Albanese', 'Leader of the Opposition', 'Shadow Treasurer']"
28,Australia,/Users/lance-personal/Downloads/House of Representatives_2025_02_04.pdf,"50,51,52,53",Cost of Living,"The Minister for Early Childhood Education discussed the government's efforts to provide cost-of-living relief through cheaper childcare reforms and pay rises for early childhood education workers, highlighting the positive impact and contrasting it with potential risks from opposition cuts.","['Mr Burnell', 'Dr Aly', 'Leader of the Opposition']"
29,Australia,/Users/lance-personal/Downloads/House of Representatives_2025_02_04.pdf,"50,51,52,53",Education: Medicine,"The Minister for Education responded to a question about addressing the doctor shortage by mentioning previous allocations of extra places for medical studies and ongoing considerations to increase university support, including funding for regional study hubs.","['Ms Sharkie', 'Mr Clare']"
30,Australia,/Users/lance-personal/Downloads/House of Representatives_2025_02_04.pdf,"50,51,52,53",Aged Care,"The Minister for Aged Care and Sport discussed the government's $15 billion investment in aged-care workers' pay, highlighting positive impacts on workers' lives and contrasting this with the opposition's past opposition to pay increases and what the minister described as frivolous spending.","['Ms Scrymgour', 'Ms Wells', 'Coalition']"
31,Australia,/Users/lance-personal/Downloads/House of Representatives_2025_02_04.pdf,"50,51,52,53",National Security,"The Prime Minister responded to a question about the date of being advised of a planned terror attack, emphasizing the need for prioritizing public safety, cooperation with law enforcement, and not disclosing details of ongoing investigations.","['Mr Sukkar', 'Mr Albanese', 'Leader of the Opposition', 'ASIO director-general', 'Premier Minns', 'The SPEAKER']"
32,Australia,/Users/lance-personal/Downloads/House of Representatives_2025_02_04.pdf,"55,56,57,58",Australian Politics: House of Representatives Debate,"This document summarizes a session of the Australian House of Representatives on February 4, 2025.  Discussions covered various key areas including the government's approach to climate change, strategies to lower energy bills, the abolition of the 'golden ticket' visa, and the rising cost of living.  The debate involved exchanges between government ministers like Albanese and Bowen, and opposition members, notably Dutton and Payne.  Key policy disagreements revolved around climate change mitigation and adaptation, energy policy (including nuclear power), immigration policies, and the government's economic performance regarding cost of living.","['Albanese', 'Steggall', 'Bowen', 'Payne', 'Dutton', ""Ted O'Brien"", 'Neumann', 'Burke', 'Sukkar', 'Hamilton', 'Taylor', 'Ley']"
33,Australia,/Users/lance-personal/Downloads/House of Representatives_2025_02_04.pdf,"55,56,57,58",Climate Change Policies,"The Australian government's commitment to climate action was discussed, focusing on a national adaptation plan, disaster prevention, and collaboration with the insurance sector to improve climate resilience and reduce the impact of natural disasters.  The opposition's views on climate change were not explicitly detailed in this extract.","['Albanese', 'Steggall']"
34,Australia,/Users/lance-personal/Downloads/House of Representatives_2025_02_04.pdf,"55,56,57,58",Energy Policy and Bills,"The government highlighted its efforts to lower energy bills through direct relief and increased dispatchable energy. The opposition's energy policy, particularly their nuclear policy, was criticized for its high cost and lack of clarity.  There was a sharp exchange about the effectiveness of the government's $300 bill relief measure, with the opposition questioning the actual amount families received.","['Bowen', 'Payne', 'Albanese', 'Dutton']"
35,Australia,/Users/lance-personal/Downloads/House of Representatives_2025_02_04.pdf,"55,56,57,58",Immigration Policy: Golden Ticket Visa,"The abolition of the 'golden ticket' visa (significant investor visa) by the Albanese government was debated.  The opposition's consideration of reinstating it drew criticism, with concerns raised about national security and the potential for attracting organized crime.  The debate involved accusations and counter-accusations regarding the integrity of the visa system.","['Neumann', 'Burke', 'Dutton']"
36,Australia,/Users/lance-personal/Downloads/House of Representatives_2025_02_04.pdf,"60,61,62,63",Australian Economic Situation and Government Policies,"The Australian House of Representatives debated the nation's economic state, particularly the impact of Labor government policies on cost of living. The opposition criticized the government's handling of inflation, rising interest rates, increased cost of essential goods and services, and insufficient support for small businesses. They proposed alternative policies focusing on tax cuts, reduced government spending, and a balanced energy mix. The government defended its measures to ease cost-of-living pressures, highlighting achievements like energy bill relief, tax cuts, and support for minimum-wage workers and farmers. They criticized the opposition's economic proposals, highlighting their potential negative impacts on the budget and accusing them of prioritizing culture wars over economic solutions.  The debate also included discussion on the government's investment in remote Aboriginal communities and the opposition's criticism of those programs.","['Anthony Albanese', 'Jim Chalmers', 'Peter Dutton', 'Malcolm Turnbull', 'Scott Morrison', 'Lech Blaine', 'Tony Abbott', 'Billy Snedden', 'Alexander Downer', 'Tim Colebatch', 'Saul Eslake', 'Chris Richardson', 'Dr Leigh', 'Dr Webster', 'Ms Scrymgour', 'Ms Ware', 'Dr Garland']"
37,Australia,/Users/lance-personal/Downloads/House of Representatives_2025_02_04.pdf,"60,61,62,63",Impact of Labor Government Policies on Australian Households,"The debate highlighted concerns about the decline in Australian living standards under the current Labor government.  Specific criticisms included rising costs of food, electricity, insurance, and gas, as well as increased mortgage repayments due to consecutive interest rate hikes.  The opposition argued that these economic pressures disproportionately affected small businesses and low-income families. They claimed that the government's response to the cost of living crisis was inadequate and further proposed measures to alleviate the pressure on households. The government countered by outlining its achievements in areas such as energy bill relief, tax cuts, and support for minimum wage earners.","['Anthony Albanese', 'Jim Chalmers', 'Peter Dutton', 'various members of parliament']"
38,Australia,/Users/lance-personal/Downloads/House of Representatives_2025_02_04.pdf,"65,66,67,68",Australian Cost of Living Crisis and Government Response,"The Australian House of Representatives debated the impact of the cost of living crisis on Australian families. The opposition criticized the government's handling of the crisis, highlighting the rise in inflation, interest rates, and the number of insolvencies. They accused the government of focusing on migration and spending to avoid a recession while families struggle. The government defended its record, pointing to lower inflation, real wage growth, record job growth, and debt reduction. They emphasized policies like tax cuts, energy bill relief, and the cheaper childcare policy. The debate also touched upon the government's handling of the rising cost of groceries and power prices, with the opposition accusing the government of spin and lack of concrete solutions.","['Albanese', 'Treasurer', 'opposition leader', 'Hume', 'Burnell', 'Violi', 'Belyea', 'Coleman']"
39,Australia,/Users/lance-personal/Downloads/House of Representatives_2025_02_04.pdf,"65,66,67,68",Rise in Antisemitism in Australia Following October 7th Hamas Attacks,"A member of parliament discussed the concerning rise in antisemitic incidents in Australia following the October 7th terrorist attacks in Israel. They criticized the government's response, asserting that it was slow, weak and showed a lack of interest in addressing the issue.  The member stated that the Prime Minister should have used stronger actions to demonstrate that such acts would be punished. They further highlighted the government's abandonment of Israel on the international stage, indicating that political reasons took precedence over moral ones.  The consequences of the governmentâ€™s approach have resulted in numerous antisemitic displays, including protests, harassment of Jewish students and academics, vandalism, and arson attempts at various synagogues and Jewish community centres.","['Albanese', 'Prime Minister', 'Foreign Minister', 'Greens']"
40,Australia,/Users/lance-personal/Downloads/House of Representatives_2025_02_04.pdf,"70,71,72,73","Appropriation Bills (No. 3, 4) and Appropriation (Parliamentary Departments) Bill (No. 2) 2024-2025","The government introduced three appropriation bills: Appropriation Bill (No. 3) for $7 billion, primarily for wage increases in early childhood education and care, Medicare strengthening, aged care, and mental health initiatives; Appropriation Bill (No. 4) for $5.1 billion, focusing on renewable energy investments, energy efficiency, and defense capabilities; and Appropriation (Parliamentary Departments) Bill (No. 2) for $132,000 for a national youth parliament program.  The bills cover expenditure decisions made since the 2024-25 budget, including those from the Mid-Year Economic and Fiscal Outlook (MYEFO).","['Mr Jones', 'Minister for Financial Services', 'Minister for Youth']"
41,Australia,/Users/lance-personal/Downloads/House of Representatives_2025_02_04.pdf,"70,71,72,73",Commonwealth Workplace Protection Orders Bill 2024,"This bill establishes a scheme for Commonwealth workplace protection orders, similar to apprehended violence orders, to protect Commonwealth workers from violence or threats of violence.  The orders can apply to various workplaces and cover workers outside of working hours.  Applications are made by the relevant agency, not the worker themselves.  Contravening an order carries penalties of up to two years jail or a significant fine.","['Graham Ashton', 'Attorney-General']"
42,Australia,/Users/lance-personal/Downloads/House of Representatives_2025_02_04.pdf,"70,71,72,73",Treasury Laws Amendment (Tax Incentives and Integrity) Bill 2024,"The opposition criticizes this bill as an attack on small businesses, citing record business insolvencies under the current government.  They argue against changes to the luxury car tax, which they claim will reduce consumer choice and increase tax burden.  They also criticize government spending and policies like free TAFE.","['Mr Howarth', 'Albanese government', 'Treasurer', 'Josh Frydenberg', 'Wayne Swan']"
43,Australia,/Users/lance-personal/Downloads/House of Representatives_2025_02_04.pdf,"75,76,77,78",Government's proposal on small business cash flow management,"The Australian government proposed changes requiring small businesses to invest in sophisticated cash flow management, increasing costs and potentially impacting prices and inflation. Accounting professional bodies criticized the measure, citing that increasing the cost of SIC is unlikely to impact tax liability and that the current cost of GIC already incentivizes timely tax payments. They argued that making these non-deductible will inappropriately increase compliance costs of honest taxpayers, and that there are already a widerange of targeted measures that the Australian Taxation Office can undertake to improve the collection of tax debt.  The opposition expressed concerns about the added financial burden on small businesses and the potential for undue hardship, particularly during the current economic environment.  They suggested alternative policies, such as more targeted measures focusing on high-debt accounts, reducing the percentage rates for GIC and SIC, maintaining deductibility for a reasonable period, and creating transitional rules. The opposition views this as a ""cash grab"" by the government.","['Albanese government', 'Australian Taxation Office', 'CPA Australia', 'Chartered Accountants Australia and New Zealand', 'Institute of Public Accountants', 'National Tax and Accountants Association', 'Self Managed Super Fund Association', 'Coalition']"
44,Australia,/Users/lance-personal/Downloads/House of Representatives_2025_02_04.pdf,"75,76,77,78",Proposed changes to instant asset tax write-off,"The government's proposed schedule 4 aims to reduce the instant asset tax write-off, limiting access to accelerated depreciation for medium-sized businesses. The opposition criticizes this as insufficient, highlighting that the current $20,000 limit is significantly less generous than previous unlimited write-offs.  They argue this demonstrates a lack of understanding of small business needs among government representatives.  The opposition points to a decline in manufacturing jobs under the current government, attributing it to flawed policies. They highlight the inconsistency in government messaging on economic policy and accuse the government of misleading Australians. They pledge to increase and make the instant asset tax write-off permanent if they gain power.","['Albanese government', 'Treasurer', 'Minister Husic', 'Coalition', 'Peter Dutton', 'Lucy Wicks']"
45,Australia,/Users/lance-personal/Downloads/House of Representatives_2025_02_04.pdf,"75,76,77,78",Extension of BAS refund retention period,"The bill extends the period for the tax commissioner to notify taxpayers of decisions regarding BAS refunds from 14 to 30 days, aiming to combat fraud.  While acknowledging potential delays to refunds and impacts on small business cash flow, the opposition notes that interest is payable for delays exceeding 14 days, mitigating the impact on compliant taxpayers. They emphasize the need for judicious use of the extended period and continued efforts in fraud detection.","['ATO', 'Tax Commissioner']"
46,Australia,/Users/lance-personal/Downloads/House of Representatives_2025_02_04.pdf,"80,81,82,83",Weaponization of Financial Systems,"The House of Representatives discussed the weaponization of financial systems (superannuation, credit and debit cards, mortgages) to inflict harm.  The issue is widespread, affecting various demographics, and the committee's recommendations aim to address it.  Witnesses' testimonies were impactful, highlighting the extent of the problem.","[""Senator O'Neill""]"
47,Australia,/Users/lance-personal/Downloads/House of Representatives_2025_02_04.pdf,"80,81,82,83",Australian Parliamentary Delegation to Belgium and Norway,"Ms. Stanley presented a report on the Australian Parliamentary Delegation's visit to Belgium and Norway (December 1-6, 2024).  The delegation attended the 43rd Australia-EU Inter-parliamentary Committee Meeting, strengthening ties with the EU.  In Norway, they visited Kongsberg Defence and Aerospace, cybersecurity agencies, and Bastoy prison, noting Norway's low recidivism rate and restorative justice system.  The delegation received support from Australian officials including Ambassadors Millar and Ayyalaraju.","['Ms Stanley', 'Senator Helen Polley', 'Senator Tammy Tyrrell', 'Michelle Landry', 'Warren Entsch', 'Sean Kelly MEP', 'Lieutenant Colonel Carney Elias', 'Caroline Millar', 'Kerin Ayyalaraju', 'Charlotte Fletcher', 'Shannon Karppinen', 'Luke Hennessy']"
48,Australia,/Users/lance-personal/Downloads/House of Representatives_2025_02_04.pdf,"80,81,82,83",Free TAFE Bill 2024,"Debate on the Free TAFE Bill 2024, which makes free TAFE permanent, funding 100,000 free courses annually.  The bill received support for its role in upskilling the workforce, particularly in sectors like aged care, early childhood education, and technology.  Speakers highlighted the positive impact on individuals and communities, citing personal stories and statistics on enrollment numbers.  Concerns were raised about the opposition's views on the value of free TAFE and past cuts to vocational education funding.","['Ms McBride', 'Assistant Minister Ged Kearney', 'David Harris', 'Ms Belyea']"
49,Australia,/Users/lance-personal/Downloads/House of Representatives_2025_02_04.pdf,"85,86,87,88",Fee-free TAFE in Australia,"The Australian House of Representatives discusses a bill to make fee-free TAFE permanent. The bill aims to remove financial barriers to education and training, ensuring a coordinated response to the nation's skilled worker needs.  The government highlights the positive impact of fee-free TAFE, citing increased enrollments and improved access to education for Australians regardless of their background or financial situation.  They emphasize the economic benefits and contrast their approach with the opposition's perceived lack of investment in public education and potential cuts to TAFE funding.  The opposition argues that the bill is uncosted, inequitable, and hasn't resulted in sufficient apprenticeships or trainee numbers.  They criticize the travel requirements for apprentices to access certain courses and raise concerns about regional access. The opposition proposes incentivizing employers to support apprenticeships.","['Albanese', 'Deputy Leader of the Opposition', 'Steve Whan', 'Jason Clare', 'Minister Whan', 'Mr Conaghan', 'Ms McBain', 'Peter Faircloth', 'David Reynolds']"
50,Australia,/Users/lance-personal/Downloads/House of Representatives_2025_02_04.pdf,"90,91,92,93",Free TAFE Bill 2024,"The Free TAFE Bill 2024 is debated in the House of Representatives. The Labor party strongly supports the bill, highlighting its positive impact on employment, skills development, and economic growth.  They emphasize the program's success in providing free TAFE courses to over 500,000 Australians, targeting crucial sectors like construction, healthcare, and technology.  Conversely, the opposition criticizes the bill, viewing it as wasteful spending and questioning the value of free education.  They express concerns about the long-term financial sustainability of the program and its potential impact on the budget. The debate underscores differing perspectives on the role of government in education and skills training, particularly regarding the value of vocational education and the importance of addressing workforce shortages.","['Albanese', 'Deputy Leader of the Opposition', 'Reppacholi', 'Phillips', 'Scamps']"
51,Australia,/Users/lance-personal/Downloads/House of Representatives_2025_02_04.pdf,"90,91,92,93",Company Tax Policy,"Dr Scamps announced a new company tax policy aimed at providing relief for small businesses. The policy includes a tax-free threshold of $20,000. This is presented as the next step in tax reform, following personal income tax reforms completed last year.",['Dr Scamps']
52,Australia,/Users/lance-personal/Downloads/House of Representatives_2025_02_04.pdf,"95,96,97,98",Government Funding for Housing and Community Projects,"The Australian government has allocated funds to the City of Greater Bendigo for sewerage infrastructure upgrades, enabling the construction of 2,400 homes, including 300 social and community houses.  Mount Alexander Shire received over $12 million to revitalize its CBD, connecting it to the railway precinct and incorporating Indigenous art.  These are among several funding announcements in January. The funding process is competitive and transparent, ensuring regional areas benefit.",[]
53,Australia,/Users/lance-personal/Downloads/House of Representatives_2025_02_04.pdf,"95,96,97,98",Australia Day Honors and Community Recognition in Forde Electorate,"The speech highlights Australia Day celebrations in the Forde electorate.  Dr Katrina Wruck, a resident, received national recognition for her work in green chemistry and helping remote communities.  180 constituents from 41 countries became new citizens.  Abdul Khan and Lilly Rider received Citizen of the Year and Young Citizen of the Year awards respectively for their community contributions.  Several other nominees were also acknowledged for their impact.","['Dr Katrina Wruck', 'Abdul Khan', 'Lilly Rider', 'Maria Brereton', 'Derby Sante', 'Jean Davis', 'Kenneth McKay', 'Melissa Ryman', 'Stephanie Blooms', 'Claire Taylor', 'Imran Fazel Kahn', 'John Ennever', 'Lynda Jane Tilley', 'Zakaria Min', 'Sharol Rudd', 'Professor Megan Davis', 'Jan Morland', 'Dr Keith Graham', 'Senior Sergeant Jacinta Pannowitz']"
54,Australia,/Users/lance-personal/Downloads/House of Representatives_2025_02_04.pdf,"95,96,97,98",Australia Day Honors and Community Recognition in Hunter Electorate,"The Member for Hunter recognizes individuals awarded for their contributions on Australia Day.  Gerard McMillan received an OAM for community and business service.  Dr Gregory George Gambrill received an AM for services to science and public health.  Geoffrey Sharrock received an AM for services to mining and the community.  Darren Kearney received the Australians Corrections Medal, John Hedley received the Australian Fire Service Medal.  Their extensive contributions to their fields and communities were highlighted.","['Gerard McMillan', 'Dr Gregory George Gambrill', 'Geoffrey Sharrock', 'Darren Kearney', 'John Hedley']"
55,Australia,/Users/lance-personal/Downloads/House of Representatives_2025_02_04.pdf,"95,96,97,98",Community Infrastructure and Bushfire Response in Wannon Electorate,"The Member for Wannon discusses infrastructure projects in Hamilton, including a new headspace and a regional university centre.  They also highlight the Melville Oval redevelopment, livestock exchange upgrades, and a $5 million civic upgrade.  The Member expresses gratitude to local volunteers who assisted with bushfire response and acknowledges the kindness of a community member who provided ice cream during doorknocking.","['Tony Abbott', 'Sharon', 'Chris', 'Jason', 'Callum', 'Tom']"
56,Australia,/Users/lance-personal/Downloads/House of Representatives_2025_02_04.pdf,"95,96,97,98",Australian Economy under the Albanese Labor Government,"The Member for Parramatta discusses the Australian economy's performance under the Albanese government, emphasizing the reduction in inflation without a recession, the achievement of budget surpluses, and low unemployment. They contrast this with the Liberal's economic policies, citing high inflation, national debt, and stagnant wages during their term, concluding that the Liberals consistently make wrong economic decisions.",['Peter Dutton']
57,Australia,/Users/lance-personal/Downloads/House of Representatives_2025_02_04.pdf,"100,101,102,103",National Land Transport Act Amendment,Ms Spender presented a Bill to amend the National Land Transport Act 2014.  The bill aims to improve value for taxpayers.,['Ms Spender']
58,Australia,/Users/lance-personal/Downloads/House of Representatives_2025_02_04.pdf,"100,101,102,103",Medicare Funding and Performance,"Dr Reid acknowledged the government's investments in Medicare, including urgent care clinics, cheaper medicines, and bulk billing.  Concerns were raised about the Leader of the Opposition's record as Health Minister, citing cuts to public hospitals and negative doctor reviews.","['Dr Reid', 'Leader of the Opposition']"
59,Australia,/Users/lance-personal/Downloads/House of Representatives_2025_02_04.pdf,"100,101,102,103",Classroom Disruption in Australian Schools,"Mr Birrell condemned the government's inaction on classroom disruption, citing its impact on student learning and teacher retention.  He noted the declining ranking of Australia in the OECD disciplinary climate index and called for action based on leading OECD countries' approaches.",['Mr Birrell']
60,Australia,/Users/lance-personal/Downloads/House of Representatives_2025_02_04.pdf,"100,101,102,103",Bushfires in the Grampians National Park,"Dr Webster noted the devastating bushfires in the Grampians National Park and their impact on tourism and local businesses.  Concerns were raised about insurance accessibility and affordability, and calls were made for government support and a marketing strategy to encourage tourism.",['Dr Webster']
61,Australia,/Users/lance-personal/Downloads/House of Representatives_2025_02_04.pdf,"100,101,102,103",Financial Sustainability of Local Governments,Mr Chester acknowledged the vital contribution of councils and the government's role in securing their financial sustainability.  He criticized the government for broken promises regarding funding and urged the release of an inquiry's findings.,['Mr Chester']
62,Australia,/Users/lance-personal/Downloads/House of Representatives_2025_02_04.pdf,"100,101,102,103",50th Anniversary of the Order of Australia,Mr Hogan acknowledged the 50th anniversary of Australia's honours system and congratulated the 2025 Australia Day award recipients.,['Mr Hogan']
63,Australia,/Users/lance-personal/Downloads/House of Representatives_2025_02_04.pdf,"100,101,102,103",Increase in Childcare Costs,Ms Bell noted the significant increase in childcare costs since the government's election and criticized its cheaper childcare policy.  She called for increased access to childcare places and cost of living relief for families.,['Ms Bell']
64,Australia,/Users/lance-personal/Downloads/House of Representatives_2025_02_04.pdf,"100,101,102,103",Wellbeing of Future Generations,Dr Scamp presented a Bill to ensure public bodies act in pursuit of the wellbeing of current and future generations and to establish a Commissioner for Future Generations.,['Dr Scamp']
65,Australia,/Users/lance-personal/Downloads/House of Representatives_2025_02_04.pdf,"100,101,102,103",Taxing Billionaires and Big Corporations,"Ms Watson-Brown called for taxing billionaires and big corporations to fund cost of living relief, including dental and mental health under Medicare, free GP visits, affordable housing, and student debt wiping.",['Ms Watson-Brown']
66,Australia,/Users/lance-personal/Downloads/House of Representatives_2025_02_04.pdf,"100,101,102,103",Support for Australian Farmers and Producers,"Mr Repacholi noted the government's support for the agriculture, fisheries, and forestry sectors, highlighting market access achievements, biosecurity investments, and workforce initiatives.  He also acknowledged the government's investments in a sustainable agriculture sector addressing climate change.",['Mr Repacholi']
67,Australia,/Users/lance-personal/Downloads/House of Representatives_2025_02_04.pdf,"100,101,102,103",Rural Doctor Shortage Crisis,Mr Gee acknowledged the rural doctor shortage crisis and its impact on the health of country Australians.  He resolved to take urgent action to address the crisis.,['Mr Gee']
68,Australia,/Users/lance-personal/Downloads/House of Representatives_2025_02_04.pdf,"100,101,102,103",Road Safety Crisis,Mr Pasin noted the high number of lives lost on Australian roads in 2024 and called on the government to take action on the road safety crisis.,['Mr Pasin']
69,Australia,/Users/lance-personal/Downloads/House of Representatives_2025_02_04.pdf,"105,106,107,108",Restoration of Whadjuk Aboriginal area,"The Labor government has committed $1.7 million to the Whadjuk Aboriginal Corporation to restore a significant area, incorporating traditional land management practices with modern science.",[]
70,Australia,/Users/lance-personal/Downloads/House of Representatives_2025_02_04.pdf,"105,106,107,108",Australia Day Honours and Awards in Calare Electorate,"Celebrations were held across the Central West of New South Wales, with three Australians recognised with Medals of the Order of Australia: John Mason OAM, Beryl Hayley OAM, and Yvonne 'Toot' Keegan OAM (posthumously).  Numerous local Australia Day award winners were also acknowledged in various towns within the electorate.","['John Mason', 'Beryl Hayley', ""Yvonne 'Toot' Keegan"", 'Chris Colvin', 'Anabelle van Wyk', 'Peter Lewsam', 'Marion Trounce', 'Mason Hill', ""Maddy O'Brien"", 'Rod Pedron', 'Carol Jones', 'Grace Pearce', 'Tyrolin Puxty', 'Chelsea Mottershead', 'Lorraine Stewart', 'David Lester', 'Maree Farr', 'Sophie Bannerman', 'Jim Jeffery', 'Emma Grey', 'Deirdre Molloy', 'Karla McDiarmid', 'Garth Dean', 'Paul Hennessy', 'Nola Ryan', 'Carol Smith', 'Paris Masters', 'David Press', 'Claire Miller']"
71,Australia,/Users/lance-personal/Downloads/House of Representatives_2025_02_04.pdf,"105,106,107,108","Aston Electorate: Lunar New Year, Medicare's 41st Anniversary, Better and Fairer Schools Agreement","The member for Aston hosted the Prime Minister and Victorian Premier at Boronia Heights Primary School to sign the Better and Fairer Schools Agreement, securing $2.5 billion in Commonwealth funding for Victorian public schools over 10 years.  They also attended the Lunar New Year Festival in Box Hill and celebrated Medicare's 41st anniversary, highlighting the benefits of the urgent care clinic in Bayswater.","['Jacinta Allan', 'Mat Anderton', 'Bihong Wang']"
72,Australia,/Users/lance-personal/Downloads/House of Representatives_2025_02_04.pdf,"105,106,107,108","Victoria State Election, Western Australia State Election, Albanese Government","The speaker endorsed Andrew Lethlean for the Bendigo seat and Mia Davies for the Bullwinkel seat, criticizing the Albanese government's neglect of regional areas and expressing concern about a potential Labor-Greens-Teal alliance.","['Andrew Lethlean', 'Mia Davies', 'Anthony Albanese']"
73,Australia,/Users/lance-personal/Downloads/House of Representatives_2025_02_04.pdf,"105,106,107,108",Shortland Electorate: Healthcare,"The Minister for International Development and the Pacific and Minister for Defence Industry and Capability Delivery highlighted the Albanese government's improvements to healthcare in the Shortland electorate, including restoring funding for GP after-hours services, reversing bans on overseas-trained doctors, and opening Medicare urgent care clinics.",['Peter Dutton']
74,Australia,/Users/lance-personal/Downloads/House of Representatives_2025_02_04.pdf,"105,106,107,108",Banks Electorate: Community Services,"The member for Banks discussed issues facing several community organizations in their electorate, including drainage problems at Gordon Parker Reserve, an unplayable bocce court at the Kingsgrove Community Aid Centre, and the merger of St Mark's and Blakehurst Anglican Churches.","['Brad Tonks', 'Billy Peters', 'Sean Barnes', 'Helen Lansley', 'Daniela Morrison', 'Anne Farah Hill', 'Ross Ryan', 'Gill Whan']"
75,Australia,/Users/lance-personal/Downloads/House of Representatives_2025_02_04.pdf,"105,106,107,108",Liberal-National Coalition's risk to the electorate,"The Assistant Minister for Social Services and Assistant Minister for the Prevention of Family Violence warned of the negative impacts of the Liberal-National Coalition's policies on households, highlighting their opposition to cost-of-living measures and potential cuts to Medicare and other services.",[]
76,Australia,/Users/lance-personal/Downloads/House of Representatives_2025_02_04.pdf,"105,106,107,108",Labor Government's neglect of regional Australia,"The member for Cowper criticized the Albanese government's handling of infrastructure projects, citing examples of funding cuts in their electorate and accusing the government of neglecting regional areas.","['Anthony Albanese', 'Chris Bowen']"
77,Australia,/Users/lance-personal/Downloads/House of Representatives_2025_02_04.pdf,"105,106,107,108",Sri Lanka's Independence Day,"The member for Holt commemorated the 77th anniversary of Sri Lanka's independence from British rule, highlighting the enduring friendship between Sri Lanka and Australia.",[]
78,Australia,/Users/lance-personal/Downloads/House of Representatives_2025_02_04.pdf,"110,111,112,113",Establishment of the Australian Energy Regulator (AER) as a standalone entity,"This bill seeks to establish the Australian Energy Regulator (AER) as an independent Commonwealth entity, separate from the Australian Competition and Consumer Commission (ACCC).  This will grant the AER greater control over its funding and employees, addressing a disconnect between authority and responsibility.  The reforms are supported by a 2020 review and years of consultation with various stakeholders. The bill does not change the AER's remit and ensures staff will not be disadvantaged.  The aim is to create a more agile and efficient AER, better equipped to navigate the changing energy landscape and lower energy prices for consumers.","['Deputy Speaker', 'Minister for Climate Change and Energy', 'Treasurer', 'various stakeholders', 'state and territory energy ministers']"
79,Australia,/Users/lance-personal/Downloads/House of Representatives_2025_02_04.pdf,"110,111,112,113",Concerns regarding the effectiveness of the AER and rising energy prices,"Concerns are raised about the AER's effectiveness as a regulator, citing its past performance as 'partially effective'.  The speaker questions whether increased funding ($100 million, up from $6 million) and staffing (from 15 to 400 employees) will sufficiently improve its enforcement of rules and lower electricity prices.  The lack of accountability and unclear metrics for measuring the effectiveness of the increased resources are highlighted.  Further concerns are expressed about the influence of energy networks and the AEMO, along with the unpredictability of energy pricing.","['industry experts', 'National Audit Office', 'AEMO', 'Origin', 'AGL', 'Energy Australia']"
80,Australia,/Users/lance-personal/Downloads/House of Representatives_2025_02_04.pdf,"110,111,112,113",Criminal Code Amendment (Hate Crimes) Bill 2024,"This bill strengthens existing offences and creates new ones to combat hate crimes. It clarifies that inciting violence is a crime with serious penalties (up to seven years imprisonment). The bill extends the list of protected attributes, strengthens responses to hate symbols (including the Nazi salute), and introduces a new offence for threatening violence against protected groups.  The bill aims to protect the community from violence, discrimination and hatred without criminalising public debate or free speech.","['Attorney-General Dreyfus', 'various religious groups, disability advocates, gender equality and LGBTQIA+ groups, ethnic communities and media representatives', 'state and territories, justice departments and police forces', 'AFP, ASIO, Director of Public Prosecutions and the Office of the eSafety Commissioner', 'member for Moreton', 'member for Berowra']"
81,Australia,/Users/lance-personal/Downloads/House of Representatives_2025_02_04.pdf,"115,116,117,118",Hate Crimes Legislation Debate in Australian Parliament,"The Australian Parliament debates the Criminal Code Amendment (Hate Crimes) Bill 2024, aiming to combat hate speech and violence.  The bill introduces new criminal offences and strengthens existing ones to protect vulnerable communities.  The coalition supports the bill but proposes amendments for tougher penalties, including mandatory minimum sentences for hate crimes and terrorist offences.  Debate highlights concerns about the rise of antisemitism and other forms of hate, with incidents of vandalism, arson, and threats of violence against Jewish Australians and other minority groups cited.  The opposition criticizes the government's response, calling for a more comprehensive strategy and highlighting the government's inaction in previous years.  The government emphasizes its commitment to combating hate speech and fostering social cohesion.  While welcoming the bill, some community groups feel it doesn't go far enough.","['Peter Dutton', 'Guy Barnett', 'Mr Khalil', 'Ms Daniel']"
82,Australia,/Users/lance-personal/Downloads/House of Representatives_2025_02_04.pdf,"115,116,117,118",Concerns Regarding the Increase in Antisemitic Hate Crimes,"Members of Parliament express deep concern over the recent rise in antisemitic hate crimes in Australia.  Specific incidents, such as the firebombing of synagogues and the discovery of explosives, are mentioned.  Concerns are also raised about the normalization of hate speech and the role of social media in amplifying such rhetoric.  The discussion highlights the need for strong legislative action to protect vulnerable communities and the importance of fostering a society free from fear and discrimination.  Different viewpoints are expressed on the effectiveness of current legislation and the need for additional measures.","['Peter Dutton', 'Mr Khalil', 'Ms Daniel']"
83,Australia,/Users/lance-personal/Downloads/House of Representatives_2025_02_04.pdf,"120,121,122,123",Rise in Antisemitism in Australia,"The Criminal Code Amendment (Hate Crimes) Bill 2024 was debated in the Australian Parliament on February 4, 2025, due to a dramatic increase in antisemitic and racist attacks since October 7, 2024.  Politicians across the spectrum expressed alarm and condemnation of these attacks, highlighting the fear and insecurity felt by Jewish Australians.  Specific incidents cited include attacks on a childcare center and a school. The bill aims to strengthen laws against hate crimes, introducing new offenses with penalties of up to seven years' imprisonment for the most serious threats.  While there was broad support for the bill's intent, some opposition members raised concerns about specific amendments. The debate also touched upon the October 7 attacks in Israel and the context of rising antisemitism globally.  Speakers underscored the importance of community unity and support for Jewish Australians, emphasizing that an attack on one is an attack on all.","['Mr THISTLETHWAITE', 'Mr STEVENS', 'Mr TEHAN', ""Ms O'NEIL"", 'Ms WARE']"
84,Australia,/Users/lance-personal/Downloads/House of Representatives_2025_02_04.pdf,"120,121,122,123",Government Response to Antisemitic Attacks,"The Australian government's response to the rise in antisemitism following the October 7 attacks was criticized for being slow and insufficient.  Speakers from the opposition highlighted the government's inaction and urged stronger, more immediate action. The government defended its response, citing arrests made and the introduction of the Hate Crimes Bill as steps to address the issue. There was broad agreement across parties on the need to combat antisemitism, with differences primarily focusing on the government's speed and effectiveness of its response. The debate emphasized the importance of swift and decisive action to protect the Jewish community and prevent further attacks.","['Mr THISTLETHWAITE', 'Mr STEVENS', 'Mr TEHAN', ""Ms O'NEIL""]"
85,Australia,/Users/lance-personal/Downloads/House of Representatives_2025_02_04.pdf,"125,126,127,128",Affordability of Housing in Australia,"The median house price in Brisbane has surpassed $1 million, exceeding three times the median income.  Nationally, the median house price is $1.2 million, or 16 times the median income.  Rents have increased by 40 percent since 2022.  Current housing policies are criticized for exacerbating the crisis, particularly the $176 billion in tax handouts to property investors over the next 10 years. The speaker advocates for increased public housing construction, limitations on rent increases, and reduced tax benefits for property investors.",[]
86,Australia,/Users/lance-personal/Downloads/House of Representatives_2025_02_04.pdf,"125,126,127,128",Social Cohesion in Australia,"The speaker highlights concerns about social cohesion, particularly the rise of racism and prejudice.  Positive examples of multiculturalism and community celebrations are contrasted with incidents of vandalism and hate crimes.  The importance of national leadership and community responsibility in addressing these issues is emphasized.  The speaker commends the second reading of the Criminal Code Amendment (Hate Crimes) Bill and notes an upcoming interfaith gathering.",[]
87,Australia,/Users/lance-personal/Downloads/House of Representatives_2025_02_04.pdf,"125,126,127,128",Albanese Labor Government's Performance,"The speaker criticizes the Albanese Labor government for broken promises, particularly regarding energy prices and infrastructure projects in Western Sydney.  The government is accused of underdelivering on cost-of-living relief, failing to address the energy crisis, and neglecting infrastructure development.  The speaker highlights the government's broken promises and calls for a change in leadership.","['Albanese', 'Dutton']"
88,Australia,/Users/lance-personal/Downloads/House of Representatives_2025_02_04.pdf,"125,126,127,128",Midsumma Pride March and Diversity in Public Service,"The speaker discusses the Midsumma Pride March in St Kilda and its significance as a celebration of diversity and inclusion.  They criticize the opposition's proposed cuts to DEI staff in the public service, highlighting the importance of diversity and equality in the public sector.",[]
89,Australia,/Users/lance-personal/Downloads/House of Representatives_2025_02_04.pdf,"130,131",Eulogy for Elizabeth Ann Shanahan,"Member for Flinders delivers a heartfelt eulogy for her mother, Elizabeth Ann Shanahan, a prominent cardiothoracic surgeon, lawyer, and member of the Administrative Appeals Tribunal.  The speech details Shanahan's impressive career, her dedication to her patients and colleagues, and her warm personality. It highlights Shanahan's achievements, including numerous scholarships and fellowships, and her work at various hospitals and institutions. The member reflects on her mother's strength in overcoming gender and racial discrimination in medicine, her kindness towards everyone she encountered, and her unwavering commitment to purpose and service.  The speech also touches upon the support the member received from colleagues and friends during her mother's illness and passing, emphasizing the importance of family and the bonds forged within the political community.","['Elizabeth Ann Shanahan', 'Thomas Shanahan', 'Ian McKenzie', 'David Pook', 'Graham McDonald', 'Peter Dutton', 'Bert van Manen', 'Senator Ciccone', 'Brett']"
